[{"id":"user-image-TNB-Cookie-Parcel-Box-2-01-300x3002.png","publicUrl":"np://user.desktop.nicepage.com/Site_759716819/images/TNB-Cookie-Parcel-Box-2-01-300x3002.png","size":126149,"hash":"Hf+54Vo1venZ7jdxNK89mZhRS54=","fileName":"TNB-Cookie-Parcel-Box-2-01-300x3002.png","name":"TNB-Cookie-Parcel-Box-2-01-300x3002","width":300,"height":300,"thumbnail":{"url":"np://user.desktop.nicepage.com/Site_759716819/images/thumbnails/TNB-Cookie-Parcel-Box-2-01-300x3002.png","width":250,"height":250},"folderId":null,"usages":["64987134"]},{"id":"user-image-TNB-Hat-300x300.jpg","publicUrl":"np://user.desktop.nicepage.com/Site_759716819/images/TNB-Hat-300x300.jpg","size":19648,"hash":"mHGQWilGuLT7MnFZYdfvpDzkejs=","fileName":"TNB-Hat-300x300.jpg","name":"TNB-Hat-300x300","width":300,"height":300,"thumbnail":{"url":"np://user.desktop.nicepage.com/Site_759716819/images/thumbnails/TNB-Hat-300x300.jpg","width":250,"height":250},"folderId":null,"usages":["73812926"]},{"id":"user-image-TNB-Cookie-Tin-01-300x300.png","publicUrl":"np://user.desktop.nicepage.com/Site_759716819/images/TNB-Cookie-Tin-01-300x300.png","size":142464,"hash":"MFTucolBSuaWkl01BaojEWcj1qY=","fileName":"TNB-Cookie-Tin-01-300x300.png","name":"TNB-Cookie-Tin-01-300x300","width":300,"height":300,"thumbnail":{"url":"np://user.desktop.nicepage.com/Site_759716819/images/thumbnails/TNB-Cookie-Tin-01-300x300.png","width":250,"height":250},"folderId":null,"usages":["73812926"]},{"id":"user-image-TNB-Box-of-6-Classic-Flavours-1-300x300.jpg","publicUrl":"np://user.desktop.nicepage.com/Site_759716819/images/TNB-Box-of-6-Classic-Flavours-1-300x300.jpg","size":23438,"hash":"WINPsMe37zGYWBZbAnurb+D1ypM=","fileName":"TNB-Box-of-6-Classic-Flavours-1-300x300.jpg","name":"TNB-Box-of-6-Classic-Flavours-1-300x300","width":300,"height":300,"thumbnail":{"url":"np://user.desktop.nicepage.com/Site_759716819/images/thumbnails/TNB-Box-of-6-Classic-Flavours-1-300x300.jpg","width":250,"height":250},"folderId":null,"usages":["73812926"]},{"id":"user-image-TNB-Box-of-12-Ube-Sans-Coco-Smores-HR-300x300.jpg","publicUrl":"np://user.desktop.nicepage.com/Site_759716819/images/TNB-Box-of-12-Ube-Sans-Coco-Smores-HR-300x300.jpg","size":21763,"hash":"zzvNWRk1V1VwZi4arTnU5yHKg7s=","fileName":"TNB-Box-of-12-Ube-Sans-Coco-Smores-HR-300x300.jpg","name":"TNB-Box-of-12-Ube-Sans-Coco-Smores-HR-300x300","width":300,"height":300,"thumbnail":{"url":"np://user.desktop.nicepage.com/Site_759716819/images/thumbnails/TNB-Box-of-12-Ube-Sans-Coco-Smores-HR-300x300.jpg","width":250,"height":250},"folderId":null,"usages":["73812926"]},{"id":"user-image-GB_8-01-01-1017x1024-300x300.png","publicUrl":"np://user.desktop.nicepage.com/Site_759716819/images/GB_8-01-01-1017x1024-300x300.png","size":134327,"hash":"h3RzS2Mnd02T4eFaqaqd/eKaB9o=","fileName":"GB_8-01-01-1017x1024-300x300.png","name":"GB_8-01-01-1017x1024-300x300","width":300,"height":300,"thumbnail":{"url":"np://user.desktop.nicepage.com/Site_759716819/images/thumbnails/GB_8-01-01-1017x1024-300x300.png","width":250,"height":250},"folderId":null,"usages":["73812926"]},{"id":"user-image-TNB-Box-of-12-v1.1-300x300.jpg","publicUrl":"np://user.desktop.nicepage.com/Site_759716819/images/TNB-Box-of-12-v1.1-300x300.jpg","size":18050,"hash":"NvuVKHFwxbMacT6/pqz6ZQJDSs4=","fileName":"TNB-Box-of-12-v1.1-300x300.jpg","name":"TNB-Box-of-12-v1.1-300x300","width":300,"height":300,"thumbnail":{"url":"np://user.desktop.nicepage.com/Site_759716819/images/thumbnails/TNB-Box-of-12-v1.1-300x300.jpg","width":250,"height":250},"folderId":null,"usages":["73812926"]},{"id":"user-image-BB_18-01-1024x1002-300x300.png","publicUrl":"np://user.desktop.nicepage.com/Site_759716819/images/BB_18-01-1024x1002-300x300.png","size":136938,"hash":"A1ue+fCahEbLUOXILD9C9y/aUrc=","fileName":"BB_18-01-1024x1002-300x300.png","name":"BB_18-01-1024x1002-300x300","width":300,"height":300,"thumbnail":{"url":"np://user.desktop.nicepage.com/Site_759716819/images/thumbnails/BB_18-01-1024x1002-300x300.png","width":250,"height":250},"folderId":null,"usages":["73812926","572805854"]},{"id":"user-image-TNB-Black-Forest.png","publicUrl":"np://user.desktop.nicepage.com/Site_759716819/images/TNB-Black-Forest.png","size":832186,"hash":"bfu8JHrFac5zpRXXSD4SPcqkrgU=","fileName":"TNB-Black-Forest.png","name":"TNB-Black-Forest","width":720,"height":750,"thumbnail":{"url":"np://user.desktop.nicepage.com/Site_759716819/images/thumbnails/TNB-Black-Forest.png","width":240,"height":250},"folderId":null,"usages":["74926276"]},{"id":"user-image-3514491.png","publicUrl":"np://user.desktop.nicepage.com/Site_759716819/images/3514491.png","size":1739,"hash":"q7uGdwvNv5bNApVNb1uxJydQTlI=","fileName":"3514491.png","name":"3514491","width":128,"height":128,"thumbnail":{"url":"np://user.desktop.nicepage.com/Site_759716819/images/thumbnails/3514491.png","width":128,"height":128,"length":1739,"type":"png"},"folderId":null,"usages":[]},{"id":"user-image-danf-tnb.jpg","publicUrl":"np://user.desktop.nicepage.com/Site_759716819/images/danf-tnb.jpg","size":668758,"hash":"SU2B16beq/Y9BzBIOEnvec8VH2E=","fileName":"danf-tnb.jpg","name":"danf-tnb","width":1440,"height":1440,"thumbnail":{"url":"np://user.desktop.nicepage.com/Site_759716819/images/thumbnails/danf-tnb.jpg","width":250,"height":250},"folderId":null,"usages":["4890981"]},{"id":"user-image-college-tnb.jpg","publicUrl":"np://user.desktop.nicepage.com/Site_759716819/images/college-tnb.jpg","size":58665,"hash":"/iVZk4+zyeezEvl3M4MbG4QcJoY=","fileName":"college-tnb.jpg","name":"college-tnb","width":550,"height":412,"thumbnail":{"url":"np://user.desktop.nicepage.com/Site_759716819/images/thumbnails/college-tnb.jpg","width":250,"height":187},"folderId":null,"usages":["4890981"]},{"id":"user-image-TNB-Classic-spread.jpg","publicUrl":"np://user.desktop.nicepage.com/Site_759716819/images/TNB-Classic-spread.jpg","size":314409,"hash":"lNdMBZuwdIfslmbPmLh4gW5/FsY=","fileName":"TNB-Classic-spread.jpg","name":"TNB-Classic-spread","width":1832,"height":1221,"thumbnail":{"url":"np://user.desktop.nicepage.com/Site_759716819/images/thumbnails/TNB-Classic-spread.jpg","width":250,"height":167},"folderId":null,"usages":["151386117","482021893"]},{"id":"user-image-1946552.png","publicUrl":"np://user.desktop.nicepage.com/Site_759716819/images/1946552.png","size":3235,"hash":"75At5vESKiu+qdWC5YePjpGDw/4=","fileName":"1946552.png","name":"1946552","width":128,"height":128,"thumbnail":{"url":"np://user.desktop.nicepage.com/Site_759716819/images/thumbnails/1946552.png","width":128,"height":128,"length":3235,"type":"png"},"folderId":null,"usages":["58815539"]},{"id":"user-image-tnb-box18.jpg","publicUrl":"np://user.desktop.nicepage.com/Site_759716819/images/tnb-box18.jpg","size":498834,"hash":"Q+J8edW5gQpmUsoPyfB7j4IXQII=","fileName":"tnb-box18.jpg","name":"tnb-box18","width":2048,"height":1365,"thumbnail":{"url":"np://user.desktop.nicepage.com/Site_759716819/images/thumbnails/tnb-box18.jpg","width":250,"height":167},"folderId":null,"usages":["58815539","64987134","73812926"]},{"id":"user-image-TFC-logo.png","publicUrl":"np://user.desktop.nicepage.com/Site_759716819/images/TFC-logo.png","size":23170,"hash":"VpOfXryuErnSNPzRr62WGyMXjCw=","fileName":"TFC-logo.png","name":"TFC-logo","width":600,"height":600,"thumbnail":{"url":"np://user.desktop.nicepage.com/Site_759716819/images/thumbnails/TFC-logo.png","width":250,"height":250},"folderId":null,"usages":["58815539"]},{"id":"user-image-Toronto-Star-logo-3.png","publicUrl":"np://user.desktop.nicepage.com/Site_759716819/images/Toronto-Star-logo-3.png","size":76282,"hash":"ftAAs10jlGfz3bWxd69y6eOIPuI=","fileName":"Toronto-Star-logo-3.png","name":"Toronto-Star-logo-3","width":2560,"height":295,"thumbnail":{"url":"np://user.desktop.nicepage.com/Site_759716819/images/thumbnails/Toronto-Star-logo-3.png","width":250,"height":29},"folderId":null,"usages":["58815539"]},{"id":"user-image-Tastetoronto-logo-2.png","publicUrl":"np://user.desktop.nicepage.com/Site_759716819/images/Tastetoronto-logo-2.png","size":998,"hash":"pFmpzy3PK5gck+/Qsk1aoVtRyO8=","fileName":"Tastetoronto-logo-2.png","name":"Tastetoronto-logo-2","width":225,"height":225,"thumbnail":{"url":"np://user.desktop.nicepage.com/Site_759716819/images/thumbnails/Tastetoronto-logo-2.png","width":225,"height":225,"length":998,"type":"png"},"folderId":null,"usages":["58815539"]},{"id":"user-image-Screen-Shot-2019-05-01-at-6.56.21-PM-copy.jpg","publicUrl":"np://user.desktop.nicepage.com/Site_759716819/images/Screen-Shot-2019-05-01-at-6.56.21-PM-copy.jpg","size":45367,"hash":"cddbytLIBHtMOK59DDBIX5up9zU=","fileName":"Screen-Shot-2019-05-01-at-6.56.21-PM-copy.jpg","name":"Screen-Shot-2019-05-01-at-6.56.21-PM-copy","width":302,"height":115,"thumbnail":{"url":"np://user.desktop.nicepage.com/Site_759716819/images/thumbnails/Screen-Shot-2019-05-01-at-6.56.21-PM-copy.jpg","width":250,"height":95},"folderId":null,"usages":["58815539"]},{"id":"user-image-6ixbuzz-logo.png","publicUrl":"np://user.desktop.nicepage.com/Site_759716819/images/6ixbuzz-logo.png","size":208714,"hash":"UF2wnM1mAPAR8+Q4pWjCKQhOtzw=","fileName":"6ixbuzz-logo.png","name":"6ixbuzz-logo","width":2021,"height":711,"thumbnail":{"url":"np://user.desktop.nicepage.com/Site_759716819/images/thumbnails/6ixbuzz-logo.png","width":250,"height":88},"folderId":null,"usages":["58815539"]},{"id":"user-image-blogtobestof-e1522118585547.png","publicUrl":"np://user.desktop.nicepage.com/Site_759716819/images/blogtobestof-e1522118585547.png","size":20197,"hash":"EON1Ldo/DlmaSydi2R/37LyKkvY=","fileName":"blogtobestof-e1522118585547.png","name":"blogtobestof-e1522118585547","width":449,"height":449,"thumbnail":{"url":"np://user.desktop.nicepage.com/Site_759716819/images/thumbnails/blogtobestof-e1522118585547.png","width":250,"height":250},"folderId":null,"usages":["58815539"]},{"id":"user-image-TNB-Irish-Coffee-Cookie-Pull.jpg","publicUrl":"np://user.desktop.nicepage.com/Site_759716819/images/TNB-Irish-Coffee-Cookie-Pull.jpg","size":198432,"hash":"B1EUTgIeXHgcWRtE76p4FNNoWX4=","fileName":"TNB-Irish-Coffee-Cookie-Pull.jpg","name":"TNB-Irish-Coffee-Cookie-Pull","width":2048,"height":1365,"thumbnail":{"url":"np://user.desktop.nicepage.com/Site_759716819/images/thumbnails/TNB-Irish-Coffee-Cookie-Pull.jpg","width":250,"height":167},"folderId":null,"usages":["58815539"]},{"id":"user-image-TNB-Milk-N-Oreo-2.png","publicUrl":"np://user.desktop.nicepage.com/Site_759716819/images/TNB-Milk-N-Oreo-2.png","size":571455,"hash":"HsQ9SHqtyqgqLLLiqkDvCyUF7X4=","fileName":"TNB-Milk-N-Oreo-2.png","name":"TNB-Milk-N-Oreo-2","width":543,"height":562,"thumbnail":{"url":"np://user.desktop.nicepage.com/Site_759716819/images/thumbnails/TNB-Milk-N-Oreo-2.png","width":242,"height":250},"folderId":null,"usages":["8913928","74926276"]},{"id":"user-image-TNB-Red-Velvet.png","publicUrl":"np://user.desktop.nicepage.com/Site_759716819/images/TNB-Red-Velvet.png","size":704192,"hash":"yAO5cDt3B1aIojTAO+Y66XEuwNE=","fileName":"TNB-Red-Velvet.png","name":"TNB-Red-Velvet","width":720,"height":674,"thumbnail":{"url":"np://user.desktop.nicepage.com/Site_759716819/images/thumbnails/TNB-Red-Velvet.png","width":250,"height":234},"folderId":null,"usages":["469416532","74926276"]},{"id":"user-image-TNB-Salty-B.png","publicUrl":"np://user.desktop.nicepage.com/Site_759716819/images/TNB-Salty-B.png","size":329897,"hash":"pQhJWMLQ6KA4St0S0KjCNWCrpfY=","fileName":"TNB-Salty-B.png","name":"TNB-Salty-B","width":503,"height":479,"thumbnail":{"url":"np://user.desktop.nicepage.com/Site_759716819/images/thumbnails/TNB-Salty-B.png","width":250,"height":238},"folderId":null,"usages":["8913928","74926276"]},{"id":"user-image-TNB-Mistachio-2.png","publicUrl":"np://user.desktop.nicepage.com/Site_759716819/images/TNB-Mistachio-2.png","size":463122,"hash":"oiMltaiB2btLhMAs8ar4fUZmoFw=","fileName":"TNB-Mistachio-2.png","name":"TNB-Mistachio-2","width":491,"height":482,"thumbnail":{"url":"np://user.desktop.nicepage.com/Site_759716819/images/thumbnails/TNB-Mistachio-2.png","width":250,"height":245},"folderId":null,"usages":["8913928","74926276"]},{"id":"user-image-TNB-Classic-2.png","publicUrl":"np://user.desktop.nicepage.com/Site_759716819/images/TNB-Classic-2.png","size":482997,"hash":"ym9AeXqe5R1T/VsjcEu06ry2aO4=","fileName":"TNB-Classic-2.png","name":"TNB-Classic-2","width":522,"height":496,"thumbnail":{"url":"np://user.desktop.nicepage.com/Site_759716819/images/thumbnails/TNB-Classic-2.png","width":250,"height":238},"folderId":null,"usages":["8913928","74926276"]},{"id":"user-image-TNB-Choco-Butternut.png","publicUrl":"np://user.desktop.nicepage.com/Site_759716819/images/TNB-Choco-Butternut.png","size":325736,"hash":"ONG3u8dWVjon+5k6NrzTyTqfjGo=","fileName":"TNB-Choco-Butternut.png","name":"TNB-Choco-Butternut","width":439,"height":446,"thumbnail":{"url":"np://user.desktop.nicepage.com/Site_759716819/images/thumbnails/TNB-Choco-Butternut.png","width":246,"height":250},"folderId":null,"usages":["74926276"]},{"id":"user-image-TNB-Sans-Rival-2.png","publicUrl":"np://user.desktop.nicepage.com/Site_759716819/images/TNB-Sans-Rival-2.png","size":293993,"hash":"y+fcbiJ2EXMQuUqMSGTxHCQ7vrE=","fileName":"TNB-Sans-Rival-2.png","name":"TNB-Sans-Rival-2","width":511,"height":511,"thumbnail":{"url":"np://user.desktop.nicepage.com/Site_759716819/images/thumbnails/TNB-Sans-Rival-2.png","width":250,"height":250},"folderId":null,"usages":["74926276"]},{"id":"user-image-TNB-Honey-Me-So-Yummy.png","publicUrl":"np://user.desktop.nicepage.com/Site_759716819/images/TNB-Honey-Me-So-Yummy.png","size":244234,"hash":"hIt40UYEfnBhHqNYXVmvUiQN5tc=","fileName":"TNB-Honey-Me-So-Yummy.png","name":"TNB-Honey-Me-So-Yummy","width":447,"height":464,"thumbnail":{"url":"np://user.desktop.nicepage.com/Site_759716819/images/thumbnails/TNB-Honey-Me-So-Yummy.png","width":241,"height":250},"folderId":null,"usages":["74926276"]},{"id":"user-image-TNB-Campfire-Smores-2.png","publicUrl":"np://user.desktop.nicepage.com/Site_759716819/images/TNB-Campfire-Smores-2.png","size":466241,"hash":"L9DbLubbitmlR2hPIaksDu3UDY0=","fileName":"TNB-Campfire-Smores-2.png","name":"TNB-Campfire-Smores-2","width":473,"height":494,"thumbnail":{"url":"np://user.desktop.nicepage.com/Site_759716819/images/thumbnails/TNB-Campfire-Smores-2.png","width":239,"height":250},"folderId":null,"usages":["8913928","74926276"]},{"id":"user-image-TNB-Ooh-bae-2.png","publicUrl":"np://user.desktop.nicepage.com/Site_759716819/images/TNB-Ooh-bae-2.png","size":431256,"hash":"67BlJlBsBK4WCYiYuSEgN8AJngo=","fileName":"TNB-Ooh-bae-2.png","name":"TNB-Ooh-bae-2","width":491,"height":493,"thumbnail":{"url":"np://user.desktop.nicepage.com/Site_759716819/images/thumbnails/TNB-Ooh-bae-2.png","width":249,"height":250},"folderId":null,"usages":["8913928","74926276"]},{"id":"user-image-The-Night-Baker-Mitch-and-Leanne_2-01-1080x982.png","publicUrl":"np://user.desktop.nicepage.com/Site_759716819/images/The-Night-Baker-Mitch-and-Leanne_2-01-1080x982.png","size":852376,"hash":"M5w10SD+zwF3V71qts81cPpVAjw=","fileName":"The-Night-Baker-Mitch-and-Leanne_2-01-1080x982.png","name":"The-Night-Baker-Mitch-and-Leanne_2-01-1080x982","width":1080,"height":982,"thumbnail":{"url":"np://user.desktop.nicepage.com/Site_759716819/images/thumbnails/The-Night-Baker-Mitch-and-Leanne_2-01-1080x982.png","width":250,"height":227},"folderId":null,"usages":["151386117"]},{"id":"user-image-Night-Baker-Logo-gold.png","publicUrl":"np://user.desktop.nicepage.com/Site_759716819/images/Night-Baker-Logo-gold.png","size":61640,"hash":"rHv/t2f4ppM3H0uKZkT84YOxtok=","fileName":"Night-Baker-Logo-gold.png","name":"Night-Baker-Logo-gold","width":1572,"height":1338,"thumbnail":{"url":"np://user.desktop.nicepage.com/Site_759716819/images/thumbnails/Night-Baker-Logo-gold.png","width":250,"height":213},"folderId":null,"usages":[]}]