[{"id":86703064,"title":"Blog Template","order":1,"templateKey":"blog","customTemplate":false,"customTemplateFilename":null,"pageLinks":[],"dateCreated":"2024-01-29T01:02:32.769Z","dateUpdated":"2024-01-29T01:02:35.542Z","folderId":null,"pageName":"Blog Template","serverPageId":null,"sectionCount":1,"status":2,"backwardUrl":null},{"id":155576999,"title":"Post Template","order":2,"templateKey":"post","customTemplate":false,"customTemplateFilename":null,"pageLinks":[],"dateCreated":"2024-01-29T01:02:33.140Z","dateUpdated":"2024-01-29T01:02:35.543Z","folderId":null,"pageName":"Post Template","serverPageId":null,"sectionCount":1,"status":2,"backwardUrl":null},{"id":8913928,"title":"Product List Template","order":3,"templateKey":"products","customTemplate":false,"customTemplateFilename":null,"pageLinks":[],"dateCreated":"2024-01-29T01:02:33.404Z","dateUpdated":"2024-01-30T01:25:24.098Z","folderId":null,"pageName":"Product List Template","serverPageId":null,"sectionCount":1,"status":2,"backwardUrl":null},{"id":469416532,"title":"Product Details Template","order":4,"templateKey":"product","customTemplate":false,"customTemplateFilename":null,"pageLinks":[],"dateCreated":"2024-01-29T01:02:33.683Z","dateUpdated":"2024-01-30T01:24:22.042Z","folderId":null,"pageName":"Product Details Template","serverPageId":null,"sectionCount":1,"status":2,"backwardUrl":null},{"id":13322693,"title":"Shopping Cart Template","order":5,"templateKey":"cart","customTemplate":false,"customTemplateFilename":null,"pageLinks":["58815539"],"dateCreated":"2024-01-29T01:02:33.922Z","dateUpdated":"2024-02-01T06:48:16.629Z","folderId":null,"pageName":"Shopping Cart Template","serverPageId":null,"sectionCount":1,"status":2,"backwardUrl":null},{"id":748219794,"title":"Checkout Template","order":6,"templateKey":"checkout","customTemplate":false,"customTemplateFilename":null,"pageLinks":[],"dateCreated":"2024-01-29T01:02:34.259Z","dateUpdated":"2024-01-29T01:02:35.546Z","folderId":null,"pageName":"Checkout Template","serverPageId":null,"sectionCount":1,"status":2,"backwardUrl":null},{"id":302796289,"title":"Login Template","order":7,"templateKey":"login","customTemplate":false,"customTemplateFilename":null,"pageLinks":[],"dateCreated":"2024-01-29T01:02:34.425Z","dateUpdated":"2024-01-29T01:24:44.543Z","folderId":null,"pageName":"Login Template","serverPageId":null,"sectionCount":1,"status":2,"backwardUrl":null},{"id":281108793,"title":"Page Password Template","order":8,"templateKey":"password","customTemplate":false,"customTemplateFilename":null,"pageLinks":[],"dateCreated":"2024-01-29T01:02:34.542Z","dateUpdated":"2024-01-29T01:02:35.546Z","folderId":null,"pageName":"Page Password Template","serverPageId":null,"sectionCount":1,"status":2,"backwardUrl":null},{"id":58714723,"title":"404 Not Found Template","order":9,"templateKey":"404","customTemplate":false,"customTemplateFilename":null,"pageLinks":[],"dateCreated":"2024-01-29T01:02:34.658Z","dateUpdated":"2024-01-29T01:02:35.547Z","folderId":null,"pageName":"404 Not Found Template","serverPageId":null,"sectionCount":1,"status":2,"backwardUrl":null},{"id":11362161,"title":"Thank You Page Template","order":10,"templateKey":"ThankYou","customTemplate":false,"customTemplateFilename":null,"pageLinks":[],"dateCreated":"2024-01-29T01:02:34.789Z","dateUpdated":"2024-01-29T01:02:35.547Z","folderId":null,"pageName":"Thank You Page Template","serverPageId":null,"sectionCount":1,"status":2,"backwardUrl":null},{"id":58815539,"title":"thenightbaker","order":51,"templateKey":null,"customTemplate":false,"customTemplateFilename":null,"pageLinks":["58815539","912302225"],"dateCreated":"2024-01-30T01:51:56.462Z","dateUpdated":"2024-02-01T17:25:43.982Z","folderId":null,"pageName":"thenightbaker_58815539","serverPageId":null,"sectionCount":4,"status":2,"backwardUrl":null},{"id":151386117,"title":"about-us","order":52,"templateKey":null,"customTemplate":false,"customTemplateFilename":null,"pageLinks":["58815539","912302225"],"dateCreated":"2024-01-30T06:19:26.778Z","dateUpdated":"2024-02-01T17:24:33.682Z","folderId":null,"pageName":"about-us_151386117","serverPageId":null,"sectionCount":1,"status":2,"backwardUrl":null},{"id":4890981,"title":"OUR LOCATION","order":53,"templateKey":null,"customTemplate":false,"customTemplateFilename":null,"pageLinks":["58815539"],"dateCreated":"2024-01-30T06:43:31.774Z","dateUpdated":"2024-02-01T06:25:06.962Z","folderId":null,"pageName":"OUR LOCATION_4890981","serverPageId":null,"sectionCount":1,"status":2,"backwardUrl":null},{"id":74926276,"title":"OUR-FLAVOURS","order":55,"templateKey":null,"customTemplate":false,"customTemplateFilename":null,"pageLinks":["58815539","912302225"],"dateCreated":"2024-02-01T04:58:08.529Z","dateUpdated":"2024-02-01T17:24:07.794Z","folderId":null,"pageName":"OUR-FLAVOURS_74926276","serverPageId":null,"sectionCount":1,"status":2,"backwardUrl":null},{"id":912302225,"title":"cart","order":56,"templateKey":null,"customTemplate":false,"customTemplateFilename":null,"pageLinks":["58815539"],"dateCreated":"2024-02-01T05:23:52.143Z","dateUpdated":"2024-02-01T14:52:48.212Z","folderId":null,"pageName":"cart_912302225","serverPageId":null,"sectionCount":1,"status":2,"backwardUrl":null},{"id":30263720,"title":"checkout","order":57,"templateKey":null,"customTemplate":false,"customTemplateFilename":null,"pageLinks":["58815539"],"dateCreated":"2024-02-01T14:53:15.655Z","dateUpdated":"2024-02-01T15:42:10.307Z","folderId":null,"pageName":"checkout_30263720","serverPageId":null,"sectionCount":1,"status":2,"backwardUrl":null},{"id":64987134,"title":"USA-CANADAWIDE-PRODUCTS","order":59,"templateKey":null,"customTemplate":false,"customTemplateFilename":null,"pageLinks":["58815539"],"dateCreated":"2024-02-01T16:43:10.094Z","dateUpdated":"2024-02-01T17:18:48.328Z","folderId":null,"pageName":"USA-CANADAWIDE-PRODUCTS_64987134","serverPageId":null,"sectionCount":2,"status":2,"backwardUrl":null},{"id":73812926,"title":"TORONTO-PRODUCTS","order":60,"templateKey":null,"customTemplate":false,"customTemplateFilename":null,"pageLinks":["58815539","912302225"],"dateCreated":"2024-02-01T16:57:46.116Z","dateUpdated":"2024-02-01T17:22:38.695Z","folderId":null,"pageName":"TORONTO-PRODUCTS_73812926","serverPageId":null,"sectionCount":2,"status":2,"backwardUrl":null},{"id":482021893,"title":"FAQS","order":61,"templateKey":null,"customTemplate":false,"customTemplateFilename":null,"pageLinks":["58815539","912302225"],"dateCreated":"2024-02-02T04:04:08.538Z","dateUpdated":"2024-02-02T04:37:15.727Z","folderId":null,"pageName":"FAQS_482021893","serverPageId":null,"sectionCount":1,"status":2,"backwardUrl":null},{"id":572805854,"title":"giftbox-18","order":62,"templateKey":null,"customTemplate":false,"customTemplateFilename":null,"pageLinks":["58815539","912302225"],"dateCreated":"2024-02-02T04:39:49.419Z","dateUpdated":"2024-02-02T04:59:30.942Z","folderId":null,"pageName":"giftbox-18_572805854","serverPageId":null,"sectionCount":1,"status":2,"backwardUrl":null}]