{"products":[{"id":"2","name":"black-forest-1","title":"BLACK FOREST","description":"TRIPLE CHOCOLATE COOKIE, MARASCHINO CHERRIES","fullDescription":"","price":"0","oldPrice":"","quantity":1,"currency":"CAD","sku":"","outOfStock":false,"isFeatured":false,"categories":["4"],"images":[{"url":"np://user.desktop.nicepage.com/Site_759716819/images/TNB-Black-Forest.png?rand=692a"}],"created":1706763820416,"updated":1706803761415,"isDefault":false},{"id":"12","name":"black-forest","title":"BLACK FOREST","description":"TRIPLE CHOCOLATE COOKIE, MARASCHINO CHERRIES","fullDescription":"","price":"0","oldPrice":"","quantity":1,"currency":"CAD","sku":"","outOfStock":false,"isFeatured":false,"categories":["4"],"images":[{"url":"np://user.desktop.nicepage.com/Site_759716819/images/TNB-Black-Forest.png?rand=45fb"}],"created":1706763847929,"updated":1706803688632,"isDefault":false},{"id":"8","name":"campfire-s-mores","title":"CAMPFIRE S'MORES","description":"TOASTED MARSHMALLOWS,\nCHOCOLATE CHUNKS AND COCOA","fullDescription":"","price":"11","oldPrice":"","quantity":1,"currency":"CAD","sku":"","outOfStock":false,"isFeatured":true,"categories":["4"],"images":[{"url":"np://user.desktop.nicepage.com/Site_759716819/images/TNB-Campfire-Smores-2.png?rand=c4f4"}],"created":1706547046001,"updated":1706803626646,"isDefault":false},{"id":"1","name":"choco-butternut","title":"CHOCO BUTTERNUT","description":"CHOCOLATE CRINKLE COOKIE, CINNAMON AND NUTMEG STRUESEL","fullDescription":"","price":"3.75","oldPrice":"","quantity":1,"currency":"CAD","sku":"","outOfStock":false,"isFeatured":false,"categories":["4"],"images":[{"url":"np://user.desktop.nicepage.com/Site_759716819/images/TNB-Choco-Butternut.png?rand=ed3e"}],"created":1706490156354,"updated":1706803428114,"isDefault":true},{"id":"22","name":"cookie-parcel-box---6","title":"COOKIE PARCEL BOX • 6","description":"","fullDescription":"","price":"33.99","oldPrice":"","quantity":1,"currency":"CAD","sku":"","outOfStock":false,"isFeatured":false,"categories":["7","1"],"images":[{"url":"np://user.desktop.nicepage.com/Site_759716819/images/TNB-Cookie-Parcel-Box-2-01-300x3002.png?rand=ee1a"}],"created":1706805771553,"updated":1706805771553,"isDefault":false},{"id":"20","name":"cookie-parcel-box---12","title":"COOKIE PARCEL BOX • 12","description":"","fullDescription":"","price":"49.99","oldPrice":"","quantity":1,"currency":"CAD","sku":"","outOfStock":false,"isFeatured":false,"categories":["7","1"],"images":[{"url":"np://user.desktop.nicepage.com/Site_759716819/images/TNB-Cookie-Parcel-Box-2-01-300x3002.png?rand=36d5"}],"created":1706805727592,"updated":1706805727592,"isDefault":false},{"id":"21","name":"cookie-parcel-box---18","title":"COOKIE PARCEL BOX • 18","description":"","fullDescription":"","price":"72.99","oldPrice":"","quantity":1,"currency":"CAD","sku":"","outOfStock":false,"isFeatured":false,"categories":["7","1"],"images":[{"url":"np://user.desktop.nicepage.com/Site_759716819/images/TNB-Cookie-Parcel-Box-2-01-300x3002.png?rand=b4c7"}],"created":1706805751654,"updated":1706805751654,"isDefault":false},{"id":"4","name":"honey--me-so-yummy-","title":"HONEY, ME SO YUMMY!","description":"HONEY COOKIE, SKOR TOFFEE BITS, SWEET MISO GLAZE","fullDescription":"","price":"3.75","oldPrice":"","quantity":1,"currency":"CAD","sku":"","outOfStock":false,"isFeatured":false,"categories":["4"],"images":[{"url":"np://user.desktop.nicepage.com/Site_759716819/images/TNB-Honey-Me-So-Yummy.png?rand=d315"}],"created":1706490156355,"updated":1706803431689,"isDefault":true},{"id":"7","name":"milk-n-oreos","title":"MILK'N OREOS","description":"MILK COOKIE, OREOS, WHITE CHOCOLATE","fullDescription":"","price":"9","oldPrice":"","quantity":1,"currency":"CAD","sku":"","outOfStock":false,"isFeatured":true,"categories":["4"],"images":[{"url":"np://user.desktop.nicepage.com/Site_759716819/images/TNB-Milk-N-Oreo-2.png?rand=bf59"}],"created":1706547015884,"updated":1706803660910,"isDefault":false},{"id":"9","name":"mistachio","title":"MISTACHIO","description":"ROASTED PISTACHIOS, MATCHA\nAND WHITE CHOCOLATE","fullDescription":"","price":"10","oldPrice":"","quantity":1,"currency":"CAD","sku":"","outOfStock":false,"isFeatured":true,"categories":["4"],"images":[{"url":"np://user.desktop.nicepage.com/Site_759716819/images/TNB-Mistachio-2.png?rand=8fdc"}],"created":1706547079955,"updated":1706803633215,"isDefault":false},{"id":"6","name":"red-velvet","title":"RED VELVET","description":"RED VELVET COOKIE, WHITE CHOCOLATE, VANILLA CREAM CHEESE FILLING","fullDescription":"","price":"3.75","oldPrice":"","quantity":1,"currency":"CAD","sku":"","outOfStock":false,"isFeatured":false,"categories":["4"],"images":[{"url":"np://user.desktop.nicepage.com/Site_759716819/images/TNB-Red-Velvet.png?rand=4195"}],"created":1706490156355,"updated":1706803435202,"isDefault":true},{"id":"3","name":"salty-b","title":"SALTY B","description":"BROWNIE COOKIE, SALTED CARAMEL FILLING","fullDescription":"","price":"0","oldPrice":"","quantity":1,"currency":"CAD","sku":"","outOfStock":false,"isFeatured":false,"categories":["4"],"images":[{"url":"np://user.desktop.nicepage.com/Site_759716819/images/TNB-Salty-B.png?rand=15ee"}],"created":1706546871549,"updated":1706803615640,"isDefault":false},{"id":"5","name":"sans-rival","title":"SANS RIVAL","description":"ALMOND CASHEW COOKIE, CASHEW CREAM FILLING","fullDescription":"","price":"3.75","oldPrice":"","quantity":1,"currency":"CAD","sku":"","outOfStock":false,"isFeatured":false,"categories":["4"],"images":[{"url":"np://user.desktop.nicepage.com/Site_759716819/images/TNB-Sans-Rival-2.png?rand=2220"}],"created":1706490156355,"updated":1706803438391,"isDefault":true},{"id":"17","name":"take-home-cookie-box---6","title":"TAKE HOME COOKIE BOX • 6","description":"","fullDescription":"","price":"19.99","oldPrice":"","quantity":1,"currency":"CAD","sku":"","outOfStock":false,"isFeatured":false,"categories":["8"],"images":[{"url":"np://user.desktop.nicepage.com/Site_759716819/images/TNB-Box-of-6-Classic-Flavours-1-300x300.jpg?rand=5543"}],"created":1706804740904,"updated":1706804740904,"isDefault":false},{"id":"16","name":"take-home-cookie-box---12","title":"TAKE HOME COOKIE BOX • 12","description":"","fullDescription":"","price":"37.99","oldPrice":"","quantity":1,"currency":"CAD","sku":"","outOfStock":false,"isFeatured":false,"categories":["8"],"images":[{"url":"np://user.desktop.nicepage.com/Site_759716819/images/TNB-Box-of-12-Ube-Sans-Coco-Smores-HR-300x300.jpg?rand=c46c"}],"created":1706804706418,"updated":1706804706418,"isDefault":false},{"id":"13","name":"the-big-box---18","title":"THE BIG BOX • 18","description":"","fullDescription":"","price":"56.99","oldPrice":"","quantity":1,"currency":"CAD","sku":"","outOfStock":false,"isFeatured":false,"categories":["8"],"images":[{"url":"np://user.desktop.nicepage.com/Site_759716819/images/BB_18-01-1024x1002-300x300.png?rand=1de8"}],"created":1706803337722,"updated":1706804673207,"isDefault":false},{"id":"10","name":"the-classic","title":"THE CLASSIC","description":"CHOCOLATE CHUNKS,\nWALNUTS AND SEA SALT","fullDescription":"","price":"9.5","oldPrice":"","quantity":1,"currency":"CAD","sku":"","outOfStock":false,"isFeatured":true,"categories":["4"],"images":[{"url":"np://user.desktop.nicepage.com/Site_759716819/images/TNB-Classic-2.png?rand=7a99"}],"created":1706547110154,"updated":1706803644833,"isDefault":false},{"id":"18","name":"the-cookie-tin---8","title":"THE COOKIE TIN • 8","description":"","fullDescription":"","price":"36.99","oldPrice":"","quantity":1,"currency":"CAD","sku":"","outOfStock":false,"isFeatured":false,"categories":["3","8"],"images":[{"url":"np://user.desktop.nicepage.com/Site_759716819/images/TNB-Cookie-Tin-01-300x300.png?rand=48c3"}],"created":1706804771530,"updated":1706804863263,"isDefault":false},{"id":"15","name":"the-gift-box---8","title":"THE GIFT BOX • 8","description":"","fullDescription":"","price":"27.99","oldPrice":"","quantity":1,"currency":"CAD","sku":"","outOfStock":false,"isFeatured":false,"categories":["8"],"images":[{"url":"np://user.desktop.nicepage.com/Site_759716819/images/GB_8-01-01-1017x1024-300x300.png?rand=0116"}],"created":1706804248800,"updated":1706804673207,"isDefault":false},{"id":"14","name":"the-gift-box---12","title":"THE GIFT BOX • 12","description":"","fullDescription":"","price":"39.99","oldPrice":"","quantity":1,"currency":"CAD","sku":"","outOfStock":false,"isFeatured":false,"categories":["8"],"images":[{"url":"np://user.desktop.nicepage.com/Site_759716819/images/TNB-Box-of-12-v1.1-300x300.jpg?rand=331f"}],"created":1706804204976,"updated":1706804673207,"isDefault":false},{"id":"19","name":"the-night-baker-hat","title":"THE NIGHT BAKER HAT","description":"(LIMITED EDITION)","fullDescription":"","price":"35","oldPrice":"","quantity":1,"currency":"CAD","sku":"","outOfStock":false,"isFeatured":false,"categories":["5","8"],"images":[{"url":"np://user.desktop.nicepage.com/Site_759716819/images/TNB-Hat-300x300.jpg?rand=77e7"}],"created":1706804805887,"updated":1706804907324,"isDefault":false},{"id":"11","name":"ube","title":"UBE","description":"UBE (PURPLE YAM) CHEESECAKE COOKIE\nWITH UBE JAM FILLING","fullDescription":"","price":"12","oldPrice":"","quantity":1,"currency":"CAD","sku":"","outOfStock":false,"isFeatured":true,"categories":["4"],"images":[{"url":"np://user.desktop.nicepage.com/Site_759716819/images/TNB-Ooh-bae-2.png?rand=074e"}],"created":1706547189489,"updated":1706803618406,"isDefault":false}],"categories":[{"id":"4","title":"COOKIES","categoryId":null,"created":1706541250813,"updated":1706803492919},{"id":"1","title":"GIFT BOXES","categoryId":null,"created":1706803185688,"updated":1706805824981},{"id":"2","title":"BOX OF 6 AND 12","categoryId":null,"created":1706804691495,"updated":1706807394805},{"id":"3","title":"TIN","categoryId":null,"created":1706804764246,"updated":1706804764246},{"id":"5","title":"ACCESSORIES","categoryId":null,"created":1706804795647,"updated":1706804795647},{"id":"6","title":"GIFT BOXES","categoryId":"1","created":1706805070742,"updated":1706805070742},{"id":"7","title":"PARCELS","categoryId":null,"created":1706805726438,"updated":1706805726438},{"id":"8","title":"all-toronto","categoryId":null,"created":1706807423714,"updated":1706807423714}]}